{
  "00. m_iMaxShield": 0,
  "01. m_iShield": 0,
  "02. m_iKarma": 0,
  "03. m_iRotLevel": 0,
  "04. m_iRotCount": 0,
  "05. m_iCrystal": 0,
  "06. m_iMaxPIPCount": 0,
  "07. m_iCurPIPCount": 0,
  "08. m_fInitPIPCoolTime": 0.0,
  "09. m_fCurPIPCoolTime": 0.0,
  "10. m_iMaxArrowCount": 0,
  "11. m_iCurArrowCount": 0,
  "12. m_fInitArrowCoolTime": 0.0,
  "13. m_fCurArrowCoolTime": 0.0,
  "14. m_iMaxBombCount": 0,
  "15. m_iCurBombCount": 0,
  "16. m_fInitBombCoolTime": 0.0,
  "17. m_fCurBombCoolTime": 0.0,  
  "CStatus::0. m_iMaxHP": 100,
  "CStatus::1. m_iHP": 100,
  "CStatus::2. m_iAttack": 10
}